start_cst,session_id,thread_name,workspace,user_prompt_excerpt,first_reasoning_cst,complete_cst,duration_min,turn_total_tokens,input_tokens,cached_input_tokens,output_tokens,reasoning_output_tokens
2026-06-02 00:05:54,019e3dba-9969-75e1-bf0e-5115626a4d08,初始化 Remotion 项目并更新版本,/Users/wanshuiwanqigaozhishang/Desktop/SQ_Video/SNF_Video,# In app browser: - The user has the in-app browser open. - Current URL: http://localhost:3000/SNFVideoPage1Page2Page3Page4 ## My request for Codex: 转场对了，但是中间音…,2026-06-02 00:06:12,2026-06-02 00:16:57,11.06,82858,82578,59776,280,0
2026-06-02 00:45:19,019e3dba-9969-75e1-bf0e-5115626a4d08,初始化 Remotion 项目并更新版本,/Users/wanshuiwanqigaozhishang/Desktop/SQ_Video/SNF_Video,# In app browser: - The user has the in-app browser open. - Current URL: http://localhost:3000/SNFVideoPage1Page2Page3Page4 ## My request for Codex: 一个小问题，数据版出…,2026-06-02 00:45:36,2026-06-02 01:00:37,15.29,222467,221837,209280,630,332
2026-06-02 09:56:32,019e3dba-9969-75e1-bf0e-5115626a4d08,初始化 Remotion 项目并更新版本,/Users/wanshuiwanqigaozhishang/Desktop/SQ_Video/SNF_Video,# In app browser: - The user has the in-app browser open. - Current URL: http://localhost:3000/SNFVideoPage1Page2Page3Page4 ## My request for Codex: 导出 mp4 给我,2026-06-02 09:56:57,,,,,,,
2026-06-02 10:00:54,019e3dba-9969-75e1-bf0e-5115626a4d08,初始化 Remotion 项目并更新版本,/Users/wanshuiwanqigaozhishang/Desktop/SQ_Video/SNF_Video,你导出来了吗？你在导出一份给我,2026-06-02 10:01:10,2026-06-02 10:16:02,15.13,81358,81244,60800,114,0
2026-06-02 10:18:46,019e3dba-9969-75e1-bf0e-5115626a4d08,初始化 Remotion 项目并更新版本,/Users/wanshuiwanqigaozhishang/Desktop/SQ_Video/SNF_Video,这版本的数据表的持续动画和 icon 的持续动画不明显，你在挑一版本参数给我。稍微明显一点，,2026-06-02 10:22:09,2026-06-02 10:22:41,3.92,87134,86228,78208,906,516
2026-06-02 10:26:34,019e3dba-9969-75e1-bf0e-5115626a4d08,初始化 Remotion 项目并更新版本,/Users/wanshuiwanqigaozhishang/Desktop/SQ_Video/SNF_Video,开始不,2026-06-02 10:26:55,2026-06-02 10:31:06,4.53,119810,119266,114560,544,290
2026-06-02 10:32:04,019e3dba-9969-75e1-bf0e-5115626a4d08,初始化 Remotion 项目并更新版本,/Users/wanshuiwanqigaozhishang/Desktop/SQ_Video/SNF_Video,# In app browser: - The user has the in-app browser open. - Current URL: http://localhost:3000/SNFVideoPage1Page2Page3Page4 ## My request for Codex: 打不开，你先帮我导出…,2026-06-02 10:32:18,2026-06-02 10:34:47,2.72,140472,140358,4480,114,0
2026-06-02 10:35:03,019e862e-25d0-7812-9f7e-bf52779a0fbd,设计 Skill 插件包管理方案,/Users/wanshuiwanqigaozhishang/Downloads/sainofi,# Files mentioned by the user: ## 粘贴的文本.txt: /Users/wanshuiwanqigaozhishang/.codex/attachments/60bc1739-9dda-43b0-a0e4-0eda219ea901/pasted-text.txt ## My reque…,2026-06-02 10:35:15,2026-06-02 10:36:48,1.75,41134,38990,33152,2144,1034
2026-06-02 10:38:50,019e862e-25d0-7812-9f7e-bf52779a0fbd,设计 Skill 插件包管理方案,/Users/wanshuiwanqigaozhishang/Downloads/sainofi,基础 UI 的内容我给你浏览器，但这个是 sso 登录才能查看，然后使用本地的 opencli copy 内容到文件夹里面在执行修改的内容，你先调研一下里面的内容、,,,,37233,0,0,0,0
2026-06-02 10:39:08,019e862e-25d0-7812-9f7e-bf52779a0fbd,设计 Skill 插件包管理方案,/Users/wanshuiwanqigaozhishang/Downloads/sainofi,基础 UI 的内容我给你浏览器，但这个是 sso 登录才能查看，然后使用本地的 opencli copy 内容到文件夹里面在执行修改的内容，你先调研一下里面的内容：https://elements.sanofidesign.com/557b0250b/p/74f6d2-whats-new 最好使用无痕浏览器来获取里面…,2026-06-02 10:41:53,2026-06-02 10:45:10,6.03,69859,69057,67968,802,516
2026-06-02 10:45:52,019e862e-25d0-7812-9f7e-bf52779a0fbd,设计 Skill 插件包管理方案,/Users/wanshuiwanqigaozhishang/Downloads/sainofi,我已经在无痕模式下登录完成了,2026-06-02 10:50:56,2026-06-02 10:55:33,9.69,76616,76535,74624,81,0
2026-06-02 11:00:58,019e862e-25d0-7812-9f7e-bf52779a0fbd,设计 Skill 插件包管理方案,/Users/wanshuiwanqigaozhishang/Downloads/sainofi,？继续,,2026-06-02 11:03:52,2.9,,,,,
2026-06-02 11:02:24,019e3dba-9969-75e1-bf0e-5115626a4d08,初始化 Remotion 项目并更新版本,/Users/wanshuiwanqigaozhishang/Desktop/SQ_Video/SNF_Video,page3 部分 24-27，从右侧到中间出现的那个 icon 明显缓慢了下来，不够干净利落，需要更加干净利落。给我新的参数方案。 调研一下 Page 的图层顺序动画，我目前看起来比较粗糙。我,,2026-06-02 11:05:55,3.5,,,,,
2026-06-02 11:06:07,019e3dba-9969-75e1-bf0e-5115626a4d08,初始化 Remotion 项目并更新版本,/Users/wanshuiwanqigaozhishang/Desktop/SQ_Video/SNF_Video,？为什么 reconnect 听,,,,,,,,
2026-06-02 11:19:17,019e862e-25d0-7812-9f7e-bf52779a0fbd,设计 Skill 插件包管理方案,/Users/wanshuiwanqigaozhishang/Downloads/sainofi,开始重试一下，我在无痕模式下面已经登录了，用无痕模式尝试,2026-06-02 11:19:31,2026-06-02 11:22:44,3.46,95933,95075,92544,858,516
2026-06-02 11:23:40,019e3dba-9969-75e1-bf0e-5115626a4d08,初始化 Remotion 项目并更新版本,/Users/wanshuiwanqigaozhishang/Desktop/SQ_Video/SNF_Video,# Files mentioned by the user: ## db9b81a175776927565776e84f2e6d52.mp4: /Users/wanshuiwanqigaozhishang/Library/Containers/com.tencent.xinWeChat2/Data/Documents…,2026-06-02 11:24:00,2026-06-02 11:32:04,8.39,175063,171883,163712,3180,2063
2026-06-02 11:27:38,019e862e-25d0-7812-9f7e-bf52779a0fbd,设计 Skill 插件包管理方案,/Users/wanshuiwanqigaozhishang/Downloads/sainofi,你看下。现在登录完毕,2026-06-02 11:28:31,2026-06-02 11:44:22,16.73,158358,157409,153984,949,516
2026-06-02 11:32:59,019e3dba-9969-75e1-bf0e-5115626a4d08,初始化 Remotion 项目并更新版本,/Users/wanshuiwanqigaozhishang/Desktop/SQ_Video/SNF_Video,page3 部分 24-27，从右侧到中间出现的那个 icon 明显缓慢了下来，不够干净利落，需要更加干净利落。给我新的参数方案。 调研一下 Page 4 的图层顺序动画，我目前看起来比较粗糙。 我给你参考视频，优先参加考 1:16 以后的内容，和我的内容做一个横向比对，总结视频特点然后找到合适的实现方案,2026-06-02 11:33:18,2026-06-02 11:34:39,1.66,189976,187496,178560,2480,1453
2026-06-02 11:35:46,019e3dba-9969-75e1-bf0e-5115626a4d08,初始化 Remotion 项目并更新版本,/Users/wanshuiwanqigaozhishang/Desktop/SQ_Video/SNF_Video,PLEASE IMPLEMENT THIS PLAN: # Page3 入场提速 + Page4 图层顺序动画重排方案 ## Summary 大锅，调研结论是：参考视频 1:16 后的高级感来自“底层先稳住、主元素快速到位、辅助层错峰回应、完成后轻微微动”，而当前 Page3 和 Page4 都有一个共同问题：关键元…,2026-06-02 11:36:03,2026-06-02 11:45:38,9.86,106474,105767,99200,707,410
2026-06-02 11:49:35,019e862e-25d0-7812-9f7e-bf52779a0fbd,设计 Skill 插件包管理方案,/Users/wanshuiwanqigaozhishang/Downloads/sainofi,里面的内容我记得也有 token.css 的内容你弄完了吗？,2026-06-02 11:49:50,2026-06-02 11:54:14,4.65,61377,60447,58752,930,516
2026-06-02 11:50:22,019e3dba-9969-75e1-bf0e-5115626a4d08,初始化 Remotion 项目并更新版本,/Users/wanshuiwanqigaozhishang/Desktop/SQ_Video/SNF_Video,完整的导出来我看一下,2026-06-02 11:50:38,2026-06-02 11:52:57,2.59,128643,128465,122752,178,63
2026-06-02 11:58:58,019e3dba-9969-75e1-bf0e-5115626a4d08,初始化 Remotion 项目并更新版本,/Users/wanshuiwanqigaozhishang/Desktop/SQ_Video/SNF_Video,你没有仔细研读我给的参考视频，他的微动画的内容填充了整个视频的空白，还有出现方式，对page4 的出现方式和为动画，2 个特点差异非常明显，我的部分显得粗糙原因不只是一小段的内容，是整个画面元素的内容。你做一个详细的分析，然后重新规划一下这个 page 的图层动画，让这个动画看起来不是那么粗糙。,2026-06-02 11:59:13,2026-06-02 12:03:52,4.91,199832,195890,190336,3942,2024
2026-06-02 11:59:28,019e862e-25d0-7812-9f7e-bf52779a0fbd,设计 Skill 插件包管理方案,/Users/wanshuiwanqigaozhishang/Downloads/sainofi,这些内容补了多少，是全部的网页的内容还是 部分的。是否符合架构的 token.css 的要求,2026-06-02 11:59:41,2026-06-02 12:00:14,0.77,62575,61517,59264,1058,516
2026-06-02 12:02:14,019e862e-25d0-7812-9f7e-bf52779a0fbd,设计 Skill 插件包管理方案,/Users/wanshuiwanqigaozhishang/Downloads/sainofi,你继续在这个网站上面补充，他的 overview 的这个红色部分都可以点进去查看明细。,2026-06-02 12:02:27,2026-06-02 12:19:22,17.13,166002,165272,163200,730,351
2026-06-02 12:04:00,019e3dba-9969-75e1-bf0e-5115626a4d08,初始化 Remotion 项目并更新版本,/Users/wanshuiwanqigaozhishang/Desktop/SQ_Video/SNF_Video,PLEASE IMPLEMENT THIS PLAN: # Page4 图层动画重构方案：从“静态插画”改成“持续激活的 Science Center” ## Summary 大锅，我对照了参考视频 1:16 后的帧序列和当前 Page4 成片。参考视频的高级感不来自更复杂的特效，而来自三个机制：底层画面先稳住、每 …,2026-06-02 12:04:18,2026-06-02 12:19:57,15.95,150726,149671,142208,1055,642
2026-06-02 12:19:22,019e862e-25d0-7812-9f7e-bf52779a0fbd,设计 Skill 插件包管理方案,/Users/wanshuiwanqigaozhishang/Downloads/sainofi,如果不行你看下https://elements.sanofidesign.com/557b0250b/p/09539f-checkbox/b/19e038 每个组件的 demo 的内容是否可以沉淀下来,2026-06-02 12:19:37,2026-06-02 12:27:13,7.84,31951,31436,11648,515,0
2026-06-02 12:24:35,019e3dba-9969-75e1-bf0e-5115626a4d08,初始化 Remotion 项目并更新版本,/Users/wanshuiwanqigaozhishang/Desktop/SQ_Video/SNF_Video,评估一下 page4 的动效建议， 场景1 画面从空白开始 紫色建筑轮廓线被逐渐勾勒出来 类似： * 博物馆建筑蓝图 * 数字孪生加载 参考风格： Apple Vision Pro 开场 + 数字城市生成 ⸻ 场景2 建筑完成后 内部网格逐渐点亮 像神经网络被激活 效果： * 网格亮起 * 光线向内部流动 * 建筑开…,2026-06-02 12:24:49,2026-06-02 12:26:10,1.59,170346,168620,158592,1726,539
2026-06-02 12:30:06,019e3dba-9969-75e1-bf0e-5115626a4d08,初始化 Remotion 项目并更新版本,/Users/wanshuiwanqigaozhishang/Desktop/SQ_Video/SNF_Video,"结合这个内容，画面内容，也会有调整，你看一下我的规划。显示博物馆，然后是博物馆快速到下方，然走人物的出现，人物不要从 svg 中间出来，并且注意人物不要遮挡博物馆的字。字幕分成三部分展示 第一部分 XFEX (小菲E学) acts as our comprehensive, one-stop interaction …",2026-06-02 12:30:27,2026-06-02 12:30:54,0.8,176965,175013,142720,1952,1034
2026-06-02 12:30:52,019e862e-25d0-7812-9f7e-bf52779a0fbd,设计 Skill 插件包管理方案,/Users/wanshuiwanqigaozhishang/Downloads/sainofi,按照这个架构开始填充内容。 design-system-plugin/ ├── .codex-plugin/plugin.json ├── skills/ │ └── design-prototype-generator/ │ └── SKILL.md ├── design-system/ │ ├── tokens/…,2026-06-02 12:31:06,2026-06-02 12:41:35,10.71,98893,97913,95104,980,516
2026-06-02 12:31:26,019e3dba-9969-75e1-bf0e-5115626a4d08,初始化 Remotion 项目并更新版本,/Users/wanshuiwanqigaozhishang/Desktop/SQ_Video/SNF_Video,好的开始吧～,2026-06-02 12:31:43,2026-06-02 12:43:03,11.61,107886,107335,102272,551,254
2026-06-02 13:04:46,019e3dba-9969-75e1-bf0e-5115626a4d08,初始化 Remotion 项目并更新版本,/Users/wanshuiwanqigaozhishang/Desktop/SQ_Video/SNF_Video,镜头2：建筑呼吸感 整个XFEX建筑 每隔几秒轻微起伏 类似生命体 强化： 14-17s 医生进入 从路径入口进入，不遮挡 ribbon 字 医生进入后，需要微微左右晃动一下服务不要特别大的持续动画也没有。、 这里没有。这个效果、。 “”,2026-06-02 13:05:12,2026-06-02 13:23:16,18.5,233196,232646,223616,550,160
2026-06-02 13:10:57,019e862e-25d0-7812-9f7e-bf52779a0fbd,设计 Skill 插件包管理方案,/Users/wanshuiwanqigaozhishang/Downloads/sainofi,这个是否能在 cursor 中里面使用，。w,2026-06-02 13:11:16,2026-06-02 13:11:49,0.86,97440,95849,31104,1591,965
2026-06-02 13:38:19,019e3dba-9969-75e1-bf0e-5115626a4d08,初始化 Remotion 项目并更新版本,/Users/wanshuiwanqigaozhishang/Desktop/SQ_Video/SNF_Video,人物快速飞入弹出，不需要人物整体扭动，识别左侧的人物和左右侧的人物，缓缓只是svg 的手臂路径晃动即可。,2026-06-02 13:39:02,,,230447,229775,172928,672,516
2026-06-02 13:40:08,019e3dba-9969-75e1-bf0e-5115626a4d08,初始化 Remotion 项目并更新版本,/Users/wanshuiwanqigaozhishang/Desktop/SQ_Video/SNF_Video,人物快速飞入弹出，不需要人物整体扭动，识别左侧的人物和左右侧的人物，缓缓只是svg 的手臂路径晃动即可。 顺序是人物先出现，然后给出粒子动画后，再出现icon。按照这个规划开始计划调整范围。,2026-06-02 13:40:45,2026-06-02 13:45:41,5.55,125136,122505,115072,2631,1494
2026-06-02 13:41:12,019e862e-25d0-7812-9f7e-bf52779a0fbd,设计 Skill 插件包管理方案,/Users/wanshuiwanqigaozhishang/Downloads/sainofi,输出一个中医药后台的网站demo 管理后台首页给我看看,2026-06-02 13:41:30,2026-06-02 13:47:03,5.84,114621,114452,111488,169,0
2026-06-02 13:45:55,019e3dba-9969-75e1-bf0e-5115626a4d08,初始化 Remotion 项目并更新版本,/Users/wanshuiwanqigaozhishang/Desktop/SQ_Video/SNF_Video,PLEASE IMPLEMENT THIS PLAN: # Page4 人物-粒子-Icon 顺序重排计划 ## Summary 大锅，本轮只调整 Page4 的人物、粒子、icon 三段顺序和人物局部动效。完成标准是：人物先快速飞入弹出，定格后人物整体不再扭动；随后出现医生行为粒子飞向数据中心；粒子完成后左右 ic…,2026-06-02 13:46:12,2026-06-02 14:05:26,19.52,227292,226413,149376,879,516
2026-06-02 13:53:22,019e862e-25d0-7812-9f7e-bf52779a0fbd,设计 Skill 插件包管理方案,/Users/wanshuiwanqigaozhishang/Downloads/sainofi,基于这个 skill 做的？,,2026-06-02 13:53:33,0.2,112418,112054,90496,364,0
2026-06-02 13:57:46,019e862e-25d0-7812-9f7e-bf52779a0fbd,设计 Skill 插件包管理方案,/Users/wanshuiwanqigaozhishang/Downloads/sainofi,那你继续找一下,2026-06-02 13:58:12,,,139728,139631,136576,97,0
2026-06-02 14:02:05,019e862e-25d0-7812-9f7e-bf52779a0fbd,设计 Skill 插件包管理方案,/Users/wanshuiwanqigaozhishang/Downloads/sainofi,那你从我之前的,2026-06-02 14:02:21,2026-06-02 14:02:24,0.31,137649,137367,109952,282,167
2026-06-02 14:02:24,019e862e-25d0-7812-9f7e-bf52779a0fbd,设计 Skill 插件包管理方案,/Users/wanshuiwanqigaozhishang/Downloads/sainofi,那你从我之前的链接里面找,2026-06-02 14:02:51,2026-06-02 14:06:30,4.1,164395,163717,161152,678,123
2026-06-02 14:09:28,019e862e-25d0-7812-9f7e-bf52779a0fbd,设计 Skill 插件包管理方案,/Users/wanshuiwanqigaozhishang/Downloads/sainofi,你用无痕浏览器模式啊,2026-06-02 14:09:43,2026-06-02 14:22:24,12.94,111051,110149,104320,902,448
2026-06-02 14:10:06,019e3dba-9969-75e1-bf0e-5115626a4d08,初始化 Remotion 项目并更新版本,/Users/wanshuiwanqigaozhishang/Desktop/SQ_Video/SNF_Video,还是不太对，你把本地的 local 地址发我,2026-06-02 14:10:42,2026-06-02 14:10:46,0.67,221671,221481,119680,190,139
2026-06-02 14:11:02,019e3dba-9969-75e1-bf0e-5115626a4d08,初始化 Remotion 项目并更新版本,/Users/wanshuiwanqigaozhishang/Desktop/SQ_Video/SNF_Video,打不开,2026-06-02 14:11:46,2026-06-02 14:16:55,5.88,229671,229049,218496,622,516
2026-06-02 14:18:03,019e3dba-9969-75e1-bf0e-5115626a4d08,初始化 Remotion 项目并更新版本,/Users/wanshuiwanqigaozhishang/Desktop/SQ_Video/SNF_Video,这个粒子效果顺序还是再调整一下，逻辑为人物出现完成后，出现粒子勾勒出面板。然后面板完成后为。出现渐变涟漪收缩依次出现 icon,2026-06-02 14:18:38,2026-06-02 14:20:49,2.76,102869,101980,68992,889,0
2026-06-02 14:20:53,019e3dba-9969-75e1-bf0e-5115626a4d08,初始化 Remotion 项目并更新版本,/Users/wanshuiwanqigaozhishang/Desktop/SQ_Video/SNF_Video,PLEASE IMPLEMENT THIS PLAN: # Page4 粒子勾勒面板 + 涟漪收缩 Icon 顺序修复计划 ## Summary 大锅，本轮只调整 Page4 的局部顺序：人物出现完成后，粒子不再直接飞向数据中心，而是先勾勒出顶部 `Behavior and Feedback` 面板；面板完成后出现一…,2026-06-02 14:21:17,2026-06-02 14:37:40,16.79,208678,207856,200576,822,516
2026-06-02 14:26:38,019e862e-25d0-7812-9f7e-bf52779a0fbd,设计 Skill 插件包管理方案,/Users/wanshuiwanqigaozhishang/Downloads/sainofi,基于这个 skill 在生成依次,2026-06-02 14:26:51,2026-06-02 14:31:38,5.01,138578,137794,134016,784,512
2026-06-02 14:32:26,019e862e-25d0-7812-9f7e-bf52779a0fbd,设计 Skill 插件包管理方案,/Users/wanshuiwanqigaozhishang/Downloads/sainofi,你确定？这玩意跟你上次给我的区别是什么？,2026-06-02 14:32:36,2026-06-02 14:33:13,0.78,140661,139611,134016,1050,516
2026-06-02 14:34:31,019e862e-25d0-7812-9f7e-bf52779a0fbd,设计 Skill 插件包管理方案,/Users/wanshuiwanqigaozhishang/Downloads/sainofi,放你的狗屁 color css token 后没 u 有遵守,2026-06-02 14:34:50,2026-06-02 14:41:58,7.46,176067,175578,170368,489,37
2026-06-02 14:41:35,019e3dba-9969-75e1-bf0e-5115626a4d08,初始化 Remotion 项目并更新版本,/Users/wanshuiwanqigaozhishang/Desktop/SQ_Video/SNF_Video,# In app browser: - The user has the in-app browser open. - Current URL: http://localhost:3000/SNFVideoPage1Page2Page3Page4 ## My request for Codex: 并没有按照我要求的顺…,2026-06-02 14:42:01,2026-06-02 14:51:53,10.29,233969,233298,219520,671,326
2026-06-02 14:43:04,019e862e-25d0-7812-9f7e-bf52779a0fbd,设计 Skill 插件包管理方案,/Users/wanshuiwanqigaozhishang/Downloads/sainofi,你是不是要我把截图拍你脸上你才改？你完全没有调用正确的组件，他的标签和颜色体系你要怎么样才愿意改？,2026-06-02 14:43:25,2026-06-02 14:52:56,9.86,226362,225288,221568,1074,447
2026-06-02 15:14:17,019e3dba-9969-75e1-bf0e-5115626a4d08,初始化 Remotion 项目并更新版本,/Users/wanshuiwanqigaozhishang/Desktop/SQ_Video/SNF_Video,# In app browser: - The user has the in-app browser open. - Current URL: http://localhost:3000/SNFVideoPage1Page2Page3Page4 ## My request for Codex: 完全错误，在播完第一…,2026-06-02 15:14:50,2026-06-02 15:37:02,22.76,191684,190689,149888,995,516
2026-06-02 15:16:12,019e862e-25d0-7812-9f7e-bf52779a0fbd,设计 Skill 插件包管理方案,/Users/wanshuiwanqigaozhishang/Downloads/sainofi,还真是个垃圾啊。我就没见过品牌色绿色的，你自己核对 color 文档和本地文档，你核对一下https://elements.prod.accelerator.sanofi/?path=/docs/foundations-colors--docs,2026-06-02 15:16:32,2026-06-02 15:29:06,12.91,166191,165257,161152,934,413
2026-06-02 15:30:04,019e862e-25d0-7812-9f7e-bf52779a0fbd,设计 Skill 插件包管理方案,/Users/wanshuiwanqigaozhishang/Downloads/sainofi,本地 copy 重新整理，按照新给的网页，整理所有内容为知识库，我要重新作为来源索引。,2026-06-02 15:30:25,2026-06-02 15:36:37,6.54,193560,192744,188288,816,206
2026-06-02 15:38:21,019e862e-25d0-7812-9f7e-bf52779a0fbd,设计 Skill 插件包管理方案,/Users/wanshuiwanqigaozhishang/Downloads/sainofi,在基于做这个这个 skill 来一次,2026-06-02 15:38:37,2026-06-02 15:40:00,1.65,199281,198927,192384,354,116
2026-06-02 15:38:35,019e3dba-9969-75e1-bf0e-5115626a4d08,初始化 Remotion 项目并更新版本,/Users/wanshuiwanqigaozhishang/Desktop/SQ_Video/SNF_Video,# In app browser: - The user has the in-app browser open. - Current URL: http://localhost:3000/SNFVideoPage1Page2Page3Page4 ## My request for Codex: 开始,2026-06-02 15:39:11,2026-06-02 16:18:03,39.47,167399,166782,157056,617,311
2026-06-02 15:41:17,019e862e-25d0-7812-9f7e-bf52779a0fbd,设计 Skill 插件包管理方案,/Users/wanshuiwanqigaozhishang/Downloads/sainofi,我先明确一点，这里面的内容你确定，全部复制到本地作为 MD 文件了吗？,,,,219828,0,0,0,0
2026-06-02 15:41:22,019e862e-25d0-7812-9f7e-bf52779a0fbd,设计 Skill 插件包管理方案,/Users/wanshuiwanqigaozhishang/Downloads/sainofi,https://elements.prod.accelerator.sanofi/?path=/docs/getting-started--docs,,,,,,,,
2026-06-02 15:41:40,019e862e-25d0-7812-9f7e-bf52779a0fbd,设计 Skill 插件包管理方案,/Users/wanshuiwanqigaozhishang/Downloads/sainofi,我只确定一点，这个文件你确定复制到本地作为 MD 文件了吗？,,,,,,,,
2026-06-02 15:41:47,019e862e-25d0-7812-9f7e-bf52779a0fbd,设计 Skill 插件包管理方案,/Users/wanshuiwanqigaozhishang/Downloads/sainofi,我只确定一点，这个文件你确定复制到本地作为 MD 文件了吗？https://elements.prod.accelerator.sanofi/?path=/docs/getting-started--docs,2026-06-02 15:42:08,2026-06-02 15:42:50,1.04,212952,212414,207232,538,302
2026-06-02 15:45:33,019e862e-25d0-7812-9f7e-bf52779a0fbd,设计 Skill 插件包管理方案,/Users/wanshuiwanqigaozhishang/Downloads/sainofi,开始吧，这次的计划很明确，将这里面设计体系和设计规范整理成为本地的 md 文件。 我只确定一点，这个文件你确定复制到本地作为 MD 文件了吗？https://elements.prod.accelerator.sanofi/?path=/docs/getting-started--docs 包括里面左侧所有的 tab…,2026-06-02 15:45:53,2026-06-02 16:10:15,24.69,79877,78895,77184,982,435
2026-06-02 16:11:40,019e862e-25d0-7812-9f7e-bf52779a0fbd,设计 Skill 插件包管理方案,/Users/wanshuiwanqigaozhishang/Downloads/sainofi,需要重启才能使用吗？,2026-06-02 16:12:05,2026-06-02 16:12:08,0.47,76945,76248,32128,697,516
2026-06-02 16:18:40,019e3dba-9969-75e1-bf0e-5115626a4d08,初始化 Remotion 项目并更新版本,/Users/wanshuiwanqigaozhishang/Desktop/SQ_Video/SNF_Video,# In app browser: - The user has the in-app browser open. - Current URL: http://localhost:3000/SNFVideoPage1Page2Page3Page4 ## My request for Codex: `我没看到数据面面板…,2026-06-02 16:19:33,,,164077,163469,94080,608,325
2026-06-02 16:20:52,019e3dba-9969-75e1-bf0e-5115626a4d08,初始化 Remotion 项目并更新版本,/Users/wanshuiwanqigaozhishang/Desktop/SQ_Video/SNF_Video,# In app browser: - The user has the in-app browser open. - Current URL: http://localhost:3000/SNFVideoPage1Page2Page3Page4 ## My request for Codex: 我没看到数据面面板背…,2026-06-02 16:22:06,2026-06-02 16:22:16,1.4,166458,165494,156032,964,516
2026-06-02 16:22:26,019e3dba-9969-75e1-bf0e-5115626a4d08,初始化 Remotion 项目并更新版本,/Users/wanshuiwanqigaozhishang/Desktop/SQ_Video/SNF_Video,开始,2026-06-02 16:22:49,2026-06-02 17:01:07,21.07,208297,208219,3456,78,0
2026-06-02 16:23:39,019e862e-25d0-7812-9f7e-bf52779a0fbd,设计 Skill 插件包管理方案,/Users/wanshuiwanqigaozhishang/Downloads/sainofi,总共有多少个组件和使用场景，在这套本地知识库里面，我的理解是，他比较像一个 context7 的逻辑。他应该在设计之前就有一个工具可以直接命中这个知识库查询动作。去 mapping 后台的组件应该怎么用。另外这个分类目前没有一个很好的方案，包括 princle。,2026-06-02 16:23:59,2026-06-02 16:25:26,1.78,86793,84576,82304,2217,1034
2026-06-02 17:05:56,019e3dba-9969-75e1-bf0e-5115626a4d08,初始化 Remotion 项目并更新版本,/Users/wanshuiwanqigaozhishang/Desktop/SQ_Video/SNF_Video,,,,,,,,,
2026-06-02 17:06:04,019e3dba-9969-75e1-bf0e-5115626a4d08,初始化 Remotion 项目并更新版本,/Users/wanshuiwanqigaozhishang/Desktop/SQ_Video/SNF_Video,check 一下是否更新完成了,2026-06-02 17:06:49,2026-06-02 17:08:15,2.19,212567,212318,203136,249,0
2026-06-02 17:10:03,019e862e-25d0-7812-9f7e-bf52779a0fbd,设计 Skill 插件包管理方案,/Users/wanshuiwanqigaozhishang/Downloads/sainofi,不要告诉我应该更新什么，我理解你需要做的事情是： 1. 基于这个知识库的设计架构逻辑，去探索github 或者其他产品是怎么实现让 ai 稳定听话，交付基于设计规范的 html。 2. 评估基于设计类的插件产品，通过这个架构最核心的部分是什么，目前你是先的部分缺了什么 3. 通过prompt 快速生产html 可编辑…,2026-06-02 17:10:20,2026-06-02 17:17:57,7.9,85838,85074,3456,764,516
2026-06-02 17:10:13,019e3dba-9969-75e1-bf0e-5115626a4d08,初始化 Remotion 项目并更新版本,/Users/wanshuiwanqigaozhishang/Desktop/SQ_Video/SNF_Video,开始做吧,2026-06-02 17:14:45,2026-06-02 17:50:45,34.17,117769,116916,110976,853,516
2026-06-02 17:33:10,019e862e-25d0-7812-9f7e-bf52779a0fbd,设计 Skill 插件包管理方案,/Users/wanshuiwanqigaozhishang/Downloads/sainofi,不要告诉我应该更新什么，我理解你需要做的事情是： 1. 基于这个知识库的设计架构逻辑，去探索github 或者其他产品是怎么实现让 ai 稳定听话，交付基于设计规范的 html。 2. 评估基于设计类的插件产品，通过这个架构最核心的部分是什么，目前你是先的部分缺了什么 3. 通过prompt 快速生产html 可编辑…,2026-06-02 17:33:30,2026-06-02 17:39:28,6.29,215514,210830,86912,4684,3393
2026-06-02 17:42:45,019e862e-25d0-7812-9f7e-bf52779a0fbd,设计 Skill 插件包管理方案,/Users/wanshuiwanqigaozhishang/Downloads/sainofi,缺乏什么内容，仔细分析这些产品的结构我。列出相关依赖点,2026-06-02 17:42:55,2026-06-02 17:47:04,4.31,165587,162536,89984,3051,1161
2026-06-02 17:51:34,019e3dba-9969-75e1-bf0e-5115626a4d08,初始化 Remotion 项目并更新版本,/Users/wanshuiwanqigaozhishang/Desktop/SQ_Video/SNF_Video,# In app browser: - The user has the in-app browser open. - Current URL: http://localhost:3000/SNFVideoPage1Page2Page3Page4 ## My request for Codex: 涟漪要在自然快速消失…,2026-06-02 17:51:59,2026-06-02 17:56:44,5.16,133600,133118,125824,482,167
2026-06-02 18:05:31,019e3dba-9969-75e1-bf0e-5115626a4d08,初始化 Remotion 项目并更新版本,/Users/wanshuiwanqigaozhishang/Desktop/SQ_Video/SNF_Video,# In app browser: - The user has the in-app browser open. - Current URL: http://localhost:3000/SNFVideoPage1Page2Page3Page4 ## My request for Codex: 透明度在轻一点。,2026-06-02 18:06:13,2026-06-02 18:12:00,6.5,140692,140343,128384,349,142
2026-06-02 18:17:08,019e3dba-9969-75e1-bf0e-5115626a4d08,初始化 Remotion 项目并更新版本,/Users/wanshuiwanqigaozhishang/Desktop/SQ_Video/SNF_Video,# In app browser: - The user has the in-app browser open. - Current URL: http://localhost:3000/SNFVideoPage1Page2Page3Page4 ## My request for Codex: 导出到page4 的…,2026-06-02 18:17:33,2026-06-02 18:21:29,4.36,166356,166142,158080,214,93
2026-06-02 18:19:46,019e862e-25d0-7812-9f7e-bf52779a0fbd,设计 Skill 插件包管理方案,/Users/wanshuiwanqigaozhishang/Downloads/sainofi,制定计划补充，要求的标准是 component-contract 标准 pattern-resolver 标准 evaluation-benchmark 标准 文档依赖：111 个 MD 已有，但要转成 contract。 Storybook 依赖：95 个组件 docs、429 个 stories，要抽 props…,2026-06-02 18:20:01,2026-06-02 18:21:58,2.2,106056,104034,98176,2022,516
2026-06-02 18:24:06,019e862e-25d0-7812-9f7e-bf52779a0fbd,设计 Skill 插件包管理方案,/Users/wanshuiwanqigaozhishang/Downloads/sainofi,PLEASE IMPLEMENT THIS PLAN: # Sanofi Elements AI 设计系统稳定生成计划 ## Summary 第一版目标定为 **HTML Renderer**：先把现有 111 个 MD、95 个组件 docs、429 个 stories、640 个 token、12 个 primi…,2026-06-02 18:24:22,2026-06-02 18:41:02,16.94,157937,157186,155520,751,117
2026-06-02 18:44:35,019e862e-25d0-7812-9f7e-bf52779a0fbd,设计 Skill 插件包管理方案,/Users/wanshuiwanqigaozhishang/Downloads/sainofi,清理掉不需要的文件，使用新文件测试一般验证通过告诉我这个版本是否如开始的标准一样,2026-06-02 18:45:26,2026-06-02 18:51:45,7.18,158862,158508,157056,354,0
2026-06-02 18:52:57,019e862e-25d0-7812-9f7e-bf52779a0fbd,设计 Skill 插件包管理方案,/Users/wanshuiwanqigaozhishang/Downloads/sainofi,# In app browser: - The user has the in-app browser open. - Current URL: file:///Users/wanshuiwanqigaozhishang/Downloads/sainofi/design-system-plugin/outputs/h…,2026-06-02 18:53:18,2026-06-02 19:00:00,7.05,185161,184792,183168,369,0
2026-06-02 18:55:08,019e3dba-9969-75e1-bf0e-5115626a4d08,初始化 Remotion 项目并更新版本,/Users/wanshuiwanqigaozhishang/Desktop/SQ_Video/SNF_Video,# Files mentioned by the user: ## part1_02.mp3: /Users/wanshuiwanqigaozhishang/Desktop/SQ_Video/SNF_Video/voice/part1_02.mp3 ## part5_03.mp3: /Users/wanshuiwan…,2026-06-02 18:56:18,,,175606,174776,160640,830,271
2026-06-02 18:59:01,019e3dba-9969-75e1-bf0e-5115626a4d08,初始化 Remotion 项目并更新版本,/Users/wanshuiwanqigaozhishang/Desktop/SQ_Video/SNF_Video,# Files mentioned by the user: ## part5_01.mp3: /Users/wanshuiwanqigaozhishang/Desktop/SQ_Video/SNF_Video/voice/part5_01.mp3 ## part1_02.mp3: /Users/wanshuiwan…,2026-06-02 18:59:32,2026-06-02 19:26:25,27.39,114349,112736,77184,1613,0
2026-06-02 19:00:23,019e862e-25d0-7812-9f7e-bf52779a0fbd,设计 Skill 插件包管理方案,/Users/wanshuiwanqigaozhishang/Downloads/sainofi,# In app browser: - The user has the in-app browser open. - Current URL: file:///Users/wanshuiwanqigaozhishang/Downloads/sainofi/design-system-plugin/outputs/h…,2026-06-02 19:07:22,2026-06-02 19:08:37,8.24,200857,200504,196992,353,0
2026-06-02 19:14:48,019e862e-25d0-7812-9f7e-bf52779a0fbd,设计 Skill 插件包管理方案,/Users/wanshuiwanqigaozhishang/Downloads/sainofi,# In app browser: - The user has the in-app browser open. - Current URL: file:///Users/wanshuiwanqigaozhishang/Downloads/sainofi/design-system-plugin/outputs/h…,2026-06-02 19:15:21,2026-06-02 19:16:15,1.46,218083,215977,195456,2106,1002
2026-06-02 19:19:46,019e862e-25d0-7812-9f7e-bf52779a0fbd,设计 Skill 插件包管理方案,/Users/wanshuiwanqigaozhishang/Downloads/sainofi,# In app browser: - The user has the in-app browser open. - Current URL: file:///Users/wanshuiwanqigaozhishang/Downloads/sainofi/design-system-plugin/outputs/h…,2026-06-02 19:21:26,,,48166,47156,43392,1010,206
2026-06-02 19:23:49,019e862e-25d0-7812-9f7e-bf52779a0fbd,设计 Skill 插件包管理方案,/Users/wanshuiwanqigaozhishang/Downloads/sainofi,sry 我说的是这个项目。[shadcn-ui/ui](https://github.com/shadcn-ui/ui),2026-06-02 19:24:02,2026-06-02 19:27:30,3.69,75381,73616,53120,1765,837
2026-06-02 19:31:00,019e3dba-9969-75e1-bf0e-5115626a4d08,初始化 Remotion 项目并更新版本,/Users/wanshuiwanqigaozhishang/Desktop/SQ_Video/SNF_Video,PLEASE IMPLEMENT THIS PLAN: # Page5 多入口 Science Center 实施计划 ## Summary - 大锅，Page5 目标是承接 Page4 的 museum：除 museum 外的 Page4 元素快速原地消失，museum 上移缩小到画面中心，嵌入 `part5_ci…,2026-06-02 19:31:49,2026-06-02 20:06:44,35.74,225995,225062,215936,933,481
2026-06-02 19:34:16,019e862e-25d0-7812-9f7e-bf52779a0fbd,设计 Skill 插件包管理方案,/Users/wanshuiwanqigaozhishang/Downloads/sainofi,是的，我看目录文件都是基于网页版本的每次做一次消耗特别多，我理解本地是有 md 可以做的我想用本地这套方案，到时候 github 更新后，我替换链接就可以了。你可以开始了。,2026-06-02 19:34:31,2026-06-02 19:49:04,14.8,101144,99934,98176,1210,516
2026-06-02 20:32:14,019e3dba-9969-75e1-bf0e-5115626a4d08,初始化 Remotion 项目并更新版本,/Users/wanshuiwanqigaozhishang/Desktop/SQ_Video/SNF_Video,你对照一下图，museum 的部分没有旁边的河水和绿色和黄色的部分， 然后深bg 的 circle 你这里有缺口，你基于我给的素材做，human 1 2 3 还有 lighting 的位置没有按照参考图 先修复布局的问题和位置关系，然后腿部摆动很诡异，不是基于某个锚点的运动。这里需要你严格评估一下这里的实现方式后再修…,2026-06-02 20:32:46,2026-06-02 20:54:55,22.68,164393,163834,155008,559,146
2026-06-02 20:42:34,019e862e-25d0-7812-9f7e-bf52779a0fbd,设计 Skill 插件包管理方案,/Users/wanshuiwanqigaozhishang/Downloads/sainofi,# In app browser: - The user has the in-app browser open. - Current URL: file:///Users/wanshuiwanqigaozhishang/Downloads/sainofi/design-system-plugin/outputs/h…,2026-06-02 20:42:51,2026-06-02 20:45:03,2.49,128544,126753,120704,1791,1034
2026-06-02 20:47:12,019e862e-25d0-7812-9f7e-bf52779a0fbd,设计 Skill 插件包管理方案,/Users/wanshuiwanqigaozhishang/Downloads/sainofi,# In app browser: - The user has the in-app browser open. - Current URL: file:///Users/wanshuiwanqigaozhishang/Downloads/sainofi/design-system-plugin/outputs/h…,2026-06-02 20:47:30,2026-06-02 21:04:45,17.55,182014,180992,178048,1022,268
2026-06-02 20:59:11,019e3dba-9969-75e1-bf0e-5115626a4d08,初始化 Remotion 项目并更新版本,/Users/wanshuiwanqigaozhishang/Desktop/SQ_Video/SNF_Video,# In app browser: - The user has the in-app browser open. - Current URL: http://localhost:3000/SNFVideoPage5 ## My request for Codex: 位置还是不对，这个 museum 还是包含了绿色和…,2026-06-02 21:02:40,2026-06-02 21:34:47,35.6,202501,202157,192896,344,0
2026-06-02 21:05:11,019e862e-25d0-7812-9f7e-bf52779a0fbd,设计 Skill 插件包管理方案,/Users/wanshuiwanqigaozhishang/Downloads/sainofi,我能预览一下你本地写的 button primary 吗？,2026-06-02 21:05:47,2026-06-02 21:07:13,2.04,183049,182452,180608,597,492
2026-06-02 22:00:04,019e3dba-9969-75e1-bf0e-5115626a4d08,初始化 Remotion 项目并更新版本,/Users/wanshuiwanqigaozhishang/Desktop/SQ_Video/SNF_Video,# In app browser: - The user has the in-app browser open. - Current URL: http://127.0.0.1:4173/playgrounds/page5-layout-playground.html ## My request for Codex…,2026-06-02 22:00:34,2026-06-02 22:12:42,12.64,109247,108310,103296,937,516
2026-06-02 22:02:31,019e862e-25d0-7812-9f7e-bf52779a0fbd,设计 Skill 插件包管理方案,/Users/wanshuiwanqigaozhishang/Downloads/sainofi,# In app browser: - The user has the in-app browser open. - Current URL: file:///Users/wanshuiwanqigaozhishang/Downloads/sainofi/design-system-plugin/outputs/h…,2026-06-02 22:02:52,,,183049,182452,180608,597,492
2026-06-02 22:03:07,019e862e-25d0-7812-9f7e-bf52779a0fbd,设计 Skill 插件包管理方案,/Users/wanshuiwanqigaozhishang/Downloads/sainofi,# In app browser: - The user has the in-app browser open. - Current URL: file:///Users/wanshuiwanqigaozhishang/Downloads/sainofi/design-system-plugin/outputs/h…,2026-06-02 22:03:27,2026-06-02 22:05:16,2.16,205741,203469,180608,2272,1432
2026-06-02 22:06:24,019e862e-25d0-7812-9f7e-bf52779a0fbd,设计 Skill 插件包管理方案,/Users/wanshuiwanqigaozhishang/Downloads/sainofi,# In app browser: - The user has the in-app browser open. - Current URL: file:///Users/wanshuiwanqigaozhishang/Downloads/sainofi/design-system-plugin/outputs/h…,2026-06-02 22:06:43,2026-06-02 22:14:52,8.47,50748,49315,46976,1433,516
2026-06-02 22:52:09,019e862e-25d0-7812-9f7e-bf52779a0fbd,设计 Skill 插件包管理方案,/Users/wanshuiwanqigaozhishang/Downloads/sainofi,# In app browser: - The user has the in-app browser open. - Current URL: file:///Users/wanshuiwanqigaozhishang/Downloads/sainofi/design-system-plugin/outputs/h…,2026-06-02 22:52:26,2026-06-02 23:17:36,25.45,166472,165531,162688,941,516
2026-06-03 09:07:04,019e862e-25d0-7812-9f7e-bf52779a0fbd,设计 Skill 插件包管理方案,/Users/wanshuiwanqigaozhishang/Downloads/sainofi,# In app browser: - The user has the in-app browser open. - Current URL: file:///Users/wanshuiwanqigaozhishang/Downloads/sainofi/design-system-plugin/outputs/h…,2026-06-03 09:07:21,2026-06-03 09:07:59,0.92,160780,159963,155520,817,516
2026-06-03 09:08:14,019e862e-25d0-7812-9f7e-bf52779a0fbd,设计 Skill 插件包管理方案,/Users/wanshuiwanqigaozhishang/Downloads/sainofi,# In app browser: - The user has the in-app browser open. - Current URL: file:///Users/wanshuiwanqigaozhishang/Downloads/sainofi/design-system-plugin/outputs/h…,2026-06-03 09:08:26,2026-06-03 09:10:44,2.5,174220,173561,169856,659,223
2026-06-03 09:11:05,019e862e-25d0-7812-9f7e-bf52779a0fbd,设计 Skill 插件包管理方案,/Users/wanshuiwanqigaozhishang/Downloads/sainofi,# In app browser: - The user has the in-app browser open. - Current URL: file:///Users/wanshuiwanqigaozhishang/Downloads/sainofi/design-system-plugin/outputs/h…,2026-06-03 09:11:20,2026-06-03 09:39:34,28.48,100873,99929,98176,944,374
2026-06-03 09:58:33,019e3dba-9969-75e1-bf0e-5115626a4d08,初始化 Remotion 项目并更新版本,/Users/wanshuiwanqigaozhishang/Desktop/SQ_Video/SNF_Video,# In app browser: - The user has the in-app browser open. - Current URL: http://localhost:3000/SNFVideoPage5 ## My request for Codex: http://localhost:3000/SNF…,2026-06-03 09:58:59,2026-06-03 10:01:09,2.61,129037,128701,123264,336,245
2026-06-03 10:01:26,019e862e-25d0-7812-9f7e-bf52779a0fbd,设计 Skill 插件包管理方案,/Users/wanshuiwanqigaozhishang/Downloads/sainofi,继续梳理这次完成的标准和内容，继续完善这里面包含的 component。目前有全部的内容。你需要评估完成的时间和计划，比这次执行完成的内容制定为标准，每个检查节点设置为一个 component 的处理时间。,2026-06-03 10:02:00,2026-06-03 10:05:01,3.58,126358,123519,120704,2839,1034
2026-06-03 10:09:56,019e3dba-9969-75e1-bf0e-5115626a4d08,初始化 Remotion 项目并更新版本,/Users/wanshuiwanqigaozhishang/Desktop/SQ_Video/SNF_Video,# In app browser: - The user has the in-app browser open. - Current URL: http://localhost:3000/SNFVideoPage5 ## My request for Codex: 制定修改计划，page4-page5 的转场，应该…,2026-06-03 10:10:16,2026-06-03 10:12:36,2.67,168543,165220,151424,3323,2070
2026-06-03 10:13:32,019e3dba-9969-75e1-bf0e-5115626a4d08,初始化 Remotion 项目并更新版本,/Users/wanshuiwanqigaozhishang/Desktop/SQ_Video/SNF_Video,# Files mentioned by the user: ## part5_yun.svg: /Users/wanshuiwanqigaozhishang/Desktop/SQ_Video/SNF_Video/image/part5_yun.svg # In app browser: - The user has…,2026-06-03 10:17:59,2026-06-03 10:18:42,5.18,168595,167009,160640,1586,516
2026-06-03 10:13:56,019e862e-25d0-7812-9f7e-bf52779a0fbd,设计 Skill 插件包管理方案,/Users/wanshuiwanqigaozhishang/Downloads/sainofi,PLEASE IMPLEMENT THIS PLAN: # Sanofi Elements Component 完整包标准化计划 ## Summary - 以这次完成的 Button 为正式标准：每个 component 都必须从 `docs contract -> story atoms -> component …,2026-06-03 10:14:12,2026-06-03 10:21:50,7.9,173685,172736,169344,949,327
2026-06-03 10:20:53,019e3dba-9969-75e1-bf0e-5115626a4d08,初始化 Remotion 项目并更新版本,/Users/wanshuiwanqigaozhishang/Desktop/SQ_Video/SNF_Video,# In app browser: - The user has the in-app browser open. - Current URL: http://localhost:3000/SNFVideoPage5 ## My request for Codex: PLEASE IMPLEMENT THIS PLA…,2026-06-03 10:21:10,2026-06-03 10:30:05,9.2,221324,220721,211328,603,201
2026-06-03 10:22:17,019e862e-25d0-7812-9f7e-bf52779a0fbd,设计 Skill 插件包管理方案,/Users/wanshuiwanqigaozhishang/Downloads/sainofi,你把所有的完成后在跟我汇报,2026-06-03 10:22:33,2026-06-03 11:10:35,48.31,173582,172498,170368,1084,516
2026-06-03 11:11:23,019e862e-25d0-7812-9f7e-bf52779a0fbd,设计 Skill 插件包管理方案,/Users/wanshuiwanqigaozhishang/Downloads/sainofi,执行这个 skill 开始做一个后台带有查询的面板,2026-06-03 11:16:33,2026-06-03 11:21:33,10.18,202388,201583,199552,805,516
2026-06-03 11:15:39,019e3dba-9969-75e1-bf0e-5115626a4d08,初始化 Remotion 项目并更新版本,/Users/wanshuiwanqigaozhishang/Desktop/SQ_Video/SNF_Video,# In app browser: - The user has the in-app browser open. - Current URL: http://localhost:3000/SNFVideoPage5 ## My request for Codex: 微动画调整，列车飞入的 line 不是很明显，需要…,2026-06-03 11:19:57,2026-06-03 11:22:04,6.43,110955,110173,77184,782,0
2026-06-03 11:40:24,019e3dba-9969-75e1-bf0e-5115626a4d08,初始化 Remotion 项目并更新版本,/Users/wanshuiwanqigaozhishang/Desktop/SQ_Video/SNF_Video,# In app browser: - The user has the in-app browser open. - Current URL: http://localhost:3000/SNFVideoPage5 ## My request for Codex: PLEASE IMPLEMENT THIS PLA…,2026-06-03 11:40:58,2026-06-03 11:58:05,17.7,174515,174102,166784,413,0
2026-06-03 11:40:52,019e862e-25d0-7812-9f7e-bf52779a0fbd,设计 Skill 插件包管理方案,/Users/wanshuiwanqigaozhishang/Downloads/sainofi,# In app browser: - The user has the in-app browser open. - Current URL: file:///Users/wanshuiwanqigaozhishang/Downloads/sainofi/design-system-plugin/outputs/h…,2026-06-03 11:41:10,2026-06-03 11:46:21,5.49,221009,220530,218496,479,153
2026-06-03 11:54:50,019e862e-25d0-7812-9f7e-bf52779a0fbd,设计 Skill 插件包管理方案,/Users/wanshuiwanqigaozhishang/Downloads/sainofi,# In app browser: - The user has the in-app browser open. - Current URL: http://127.0.0.1:8799/outputs/html/admin-query-panel.resolved.html ## My request for C…,2026-06-03 11:55:15,2026-06-03 12:10:24,15.57,146315,145393,142720,922,401
2026-06-03 12:01:47,019e3dba-9969-75e1-bf0e-5115626a4d08,初始化 Remotion 项目并更新版本,/Users/wanshuiwanqigaozhishang/Desktop/SQ_Video/SNF_Video,# Files mentioned by the user: ## part5_01.mp3: /Users/wanshuiwanqigaozhishang/Desktop/SQ_Video/SNF_Video/voice/part5_01.mp3 ## part1_02.mp3: /Users/wanshuiwan…,2026-06-03 12:02:13,2026-06-03 12:14:40,12.88,189957,189405,181120,552,124
2026-06-03 12:45:06,019e862e-25d0-7812-9f7e-bf52779a0fbd,设计 Skill 插件包管理方案,/Users/wanshuiwanqigaozhishang/Downloads/sainofi,# Files mentioned by the user: ## ba4081df8de489a3f9ed15c7e04c732d.png: /Users/wanshuiwanqigaozhishang/Library/Containers/com.tencent.xinWeChat2/Data/Documents…,2026-06-03 12:45:26,2026-06-03 13:25:47,34.21,115258,113945,109952,1313,537
2026-06-03 13:15:10,019e3dba-9969-75e1-bf0e-5115626a4d08,初始化 Remotion 项目并更新版本,/Users/wanshuiwanqigaozhishang/Desktop/SQ_Video/SNF_Video,# In app browser: - The user has the in-app browser open. - Current URL: http://localhost:3000/SNFVideoPage5 ## My request for Codex: 接下来就是持续动画的调整， 火车的 第一个 lin…,2026-06-03 13:15:46,2026-06-03 13:18:21,3.19,212517,211162,186240,1355,516
2026-06-03 13:27:20,019e3dba-9969-75e1-bf0e-5115626a4d08,初始化 Remotion 项目并更新版本,/Users/wanshuiwanqigaozhishang/Desktop/SQ_Video/SNF_Video,# In app browser: - The user has the in-app browser open. - Current URL: http://localhost:3000/SNFVideoPage5 ## My request for Codex: PLEASE IMPLEMENT THIS PLA…,2026-06-03 13:28:10,2026-06-03 13:30:40,3.33,227043,226990,217984,53,0
2026-06-03 14:42:32,019e3dba-9969-75e1-bf0e-5115626a4d08,初始化 Remotion 项目并更新版本,/Users/wanshuiwanqigaozhishang/Desktop/SQ_Video/SNF_Video,# In app browser: - The user has the in-app browser open. - Current URL: http://localhost:3000/SNFVideoPage5 ## My request for Codex: 继续，之前订阅没还有额度了导致任务没有做完,2026-06-03 14:43:43,2026-06-03 14:57:34,15.03,135664,135140,128896,524,150
2026-06-03 15:08:48,019e3dba-9969-75e1-bf0e-5115626a4d08,初始化 Remotion 项目并更新版本,/Users/wanshuiwanqigaozhishang/Desktop/SQ_Video/SNF_Video,# In app browser: - The user has the in-app browser open. - Current URL: http://localhost:3000/SNFVideoPage5 ## My request for Codex: 微动画调整，列车下方的 line 在多一点点，持续…,2026-06-03 15:09:18,2026-06-03 15:26:29,17.68,183071,182422,173952,649,116
2026-06-03 15:09:06,019e862e-25d0-7812-9f7e-bf52779a0fbd,设计 Skill 插件包管理方案,/Users/wanshuiwanqigaozhishang/Downloads/sainofi,背景色和截图的相比还是差了很多。你仔细比对一下截图和 icon 这都有规范的。,2026-06-03 15:09:30,2026-06-03 15:22:22,13.27,186886,186038,180096,848,255
2026-06-03 15:35:11,019e862e-25d0-7812-9f7e-bf52779a0fbd,设计 Skill 插件包管理方案,/Users/wanshuiwanqigaozhishang/Downloads/sainofi,我需要你做的是 check 插件哪里执行有问题还是哪儿没读到,2026-06-03 15:35:44,2026-06-03 15:46:52,11.67,72103,71451,66944,652,0
2026-06-03 15:39:26,019e3dba-9969-75e1-bf0e-5115626a4d08,初始化 Remotion 项目并更新版本,/Users/wanshuiwanqigaozhishang/Desktop/SQ_Video/SNF_Video,# In app browser: - The user has the in-app browser open. - Current URL: http://localhost:3000/SNFVideoPage5 ## My request for Codex: 继续调整 human1 和 human2 的微动画…,2026-06-03 15:40:16,2026-06-03 15:54:35,15.15,213767,213228,204160,539,204
2026-06-03 16:06:48,019e3dba-9969-75e1-bf0e-5115626a4d08,初始化 Remotion 项目并更新版本,/Users/wanshuiwanqigaozhishang/Desktop/SQ_Video/SNF_Video,# In app browser: - The user has the in-app browser open. - Current URL: http://localhost:3000/SNFVideoPage5 ## My request for Codex: 这样吧 museum 转场开始时候的绿色河流，右边…,2026-06-03 16:07:49,,,130328,129624,124288,704,558
2026-06-03 16:07:03,019e862e-25d0-7812-9f7e-bf52779a0fbd,设计 Skill 插件包管理方案,/Users/wanshuiwanqigaozhishang/Downloads/sainofi,可以开始执行。,2026-06-03 16:07:19,,,127347,127035,119680,312,9
2026-06-03 16:08:02,019e8c86-0cb1-7af2-8b47-d4a4cdc32c79,统计本地会话用量,/Users/wanshuiwanqigaozhishang/Downloads/sainofi,check 一下本地所有会话统计一下每个会话的消耗用量这两天用的特别快。从加载会话和思考开始按照时间轴用表的形式统计一下,2026-06-03 16:11:32,,,95852,91843,67968,4009,957
